Name,Date,value
p132400,31-01-2023,145.572129
X28640,28-09-2022,175.3757182
q23764,28-02-2023,112.447173
e101879,28-02-2023,229.5158097
b32797,28-02-2023,111.2114168
g210995,28-02-2023,223.6186269
n15006,27-02-2023,183.9684212
b142073,27-02-2023,81.42403952
c77628,25-01-2023,179.23637
k207723,24-02-2023,121.2332022
a206423,22-02-2023,208.3924019
w172849,22-02-2023,139.8838747
t154892,22-02-2023,205.6754816
h192587,22-02-2023,130.419469
w225086,22-02-2023,145.218279
g147595,22-02-2023,229.3854341
m143388,22-02-2023,118.4844798
g56567,22-02-2023,106.9287155
j188933,22-02-2023,172.0231144
b64121,22-02-2023,159.6640798
k96618,22-02-2023,150.8972538
x97220,22-02-2023,213.7762223
n183684,22-02-2023,204.8575238
e39400,22-02-2023,66.07315699
v36593,22-02-2023,178.7145256
l109713,22-02-2023,216.6486937
o145005,22-02-2023,122.0618863
e30569,22-02-2023,188.1203374
s100025,22-02-2023,100.6621813
t38988,22-02-2023,211.7482828
e184247,22-02-2023,156.9708651
u39908,22-02-2023,123.7634838
j158235,22-02-2023,131.5366603
k210246,22-02-2023,115.5416825
m148894,22-02-2023,109.8029581
c203952,22-02-2023,124.43967
r210557,22-02-2023,149.2614419
h59047,22-02-2023,210.7309302
i106904,21-11-2022,126.7373738
w59217,21-10-2022,72.36203096
l157760,21-09-2022,119.9601033
n94042,21-09-2022,145.5334434
k156186,20-09-2022,162.5839605
o24249,19-01-2023,151.616062
q94448,19-01-2023,85.06915353
X14812,17-11-2022,136.3965269
p203593,17-02-2023,192.5882415
q229764,15-02-2023,130.0150331
f6111,03-02-2023,137.353086
a84075,03-02-2023,130.8844741
d214893,03-02-2023,194.205893
u123412,03-02-2023,234.2464749
i24784,03-02-2023,117.0840915
p181999,03-02-2023,187.8826546
m77060,03-02-2023,200.8316731
X74457,03-02-2023,117.6562532
i128729,03-02-2023,164.181959
b117397,03-02-2023,121.5374935
u42807,03-02-2023,137.9810449
c215593,03-02-2023,198.3532859
d207483,03-02-2023,111.3148846
f229539,03-02-2023,156.0487739
v70141,03-02-2023,144.7624814
p128773,03-02-2023,168.8564384
h41896,03-02-2023,173.1338233
f44033,03-02-2023,125.8516852
n51781,03-02-2023,226.6136887
r62929,03-02-2023,118.6688131
p58703,03-02-2023,176.4855789
l56355,03-02-2023,180.0018642
d210552,03-02-2023,212.1805002
k133371,03-02-2023,231.150224
n75160,03-02-2023,192.2439165
u189752,03-02-2023,161.7259477
X8868,03-02-2023,214.6766251
l209702,03-02-2023,113.1284612
f52928,03-02-2023,159.7289678
o30161,03-02-2023,114.3401291
q108499,03-02-2023,220.7290051
n231562,03-02-2023,165.1435215
o222728,03-02-2023,176.741687
e220709,03-02-2023,95.08163315
r57967,03-02-2023,173.9963408
h118164,03-02-2023,134.8299206
p105641,03-02-2023,192.9717562
d130267,03-02-2023,105.1548053
h130173,03-02-2023,170.6789492
q124345,03-02-2023,199.1032082
n148384,03-02-2023,216.1403219
v82122,03-02-2023,112.6368454
e41920,03-02-2023,124.3702429
p152100,03-02-2023,163.7309721
w156283,03-02-2023,106.9287022
d124472,03-02-2023,156.877087
u43732,03-02-2023,225.4153414
j104487,03-02-2023,187.7785403
m30682,03-02-2023,175.3866804
a86761,03-02-2023,122.5047706
t82841,03-02-2023,196.1016837
g186293,03-02-2023,116.0978739
i112245,03-02-2023,138.4014561
i78258,03-02-2023,173.0490061
t73085,03-02-2023,106.9537465
w81901,03-02-2023,161.2726736
m204786,03-02-2023,183.0533053
w119221,03-02-2023,220.4628258
x33080,03-02-2023,200.5781442
m10172,03-02-2023,154.2289133
h231772,03-02-2023,200.9423303
t26221,03-02-2023,159.7302393
a116641,03-02-2023,221.6524398
n57874,03-02-2023,142.5697033
f47011,03-02-2023,128.3503957
l115632,03-02-2023,228.9819098
b64666,03-02-2023,159.9996695
k218692,03-02-2023,153.2469373
i32774,03-02-2023,139.7659019
d113316,03-02-2023,208.2888809
a19343,03-02-2023,133.8623449
v170863,03-02-2023,167.6343434
s45567,03-02-2023,117.6215471
i213651,03-02-2023,107.8749374
p198533,03-02-2023,182.2959226
o158450,03-02-2023,135.6156108
x210689,03-02-2023,161.2528263
u134301,03-02-2023,123.6660839
l15614,03-02-2023,213.6789224
s168067,03-02-2023,167.5586131
j82700,03-02-2023,153.4761752
j68138,03-02-2023,126.6331759
b79426,03-02-2023,175.8556794
p17525,03-02-2023,154.3713487
d117037,03-02-2023,216.1748886
l5103,03-02-2023,133.0018976
X45045,03-02-2023,162.0667628
v119379,03-02-2023,109.622586
h8522,03-02-2023,189.8145761
n30127,03-02-2023,121.868024
s46227,03-02-2023,103.2138972
u60396,03-02-2023,161.3308909
X69157,03-02-2023,177.348215
h192035,03-02-2023,141.9812476
j28090,03-02-2023,107.856803
i72930,03-02-2023,102.7075432
k98452,03-02-2023,135.8503451
n79869,03-02-2023,193.1134392
r146614,03-02-2023,192.8349374
d107741,03-02-2023,213.0853563
g134956,03-02-2023,163.8807292
d59410,03-02-2023,190.4376501
x36239,03-02-2023,117.5449543
w13626,03-02-2023,192.5113061
f180557,03-02-2023,228.5725482
g22491,03-02-2023,171.8614098
i108437,03-02-2023,196.9563538
o58243,03-02-2023,106.157193
r51947,03-02-2023,224.3083929
p85322,03-02-2023,148.4118017
w140065,03-02-2023,199.0713773
t54272,03-02-2023,196.867828
q46302,03-02-2023,171.2365397
t32718,03-02-2023,176.6896248
n161870,03-02-2023,152.6340435
m193666,03-02-2023,109.5676494
t112988,03-02-2023,108.0046148
m112866,03-02-2023,146.9943948
d195175,03-02-2023,141.5602164
q186283,03-02-2023,137.7913434
g81044,03-02-2023,162.1812339
p62878,03-02-2023,154.3417023
u132431,03-02-2023,129.1029608
w168893,03-02-2023,136.6396136
m164932,03-02-2023,135.6629945
j137136,03-02-2023,169.4729725
d128074,03-02-2023,206.1996275
a117509,03-02-2023,217.2329943
r14485,03-02-2023,157.2268786
X9242,03-02-2023,94.2931992
n75149,03-02-2023,176.8716583
a20667,03-02-2023,142.5782726
f100157,03-02-2023,180.8148168
l110731,03-02-2023,204.8317165
u43956,03-02-2023,160.7582848
q74414,03-02-2023,94.38530438
g220866,03-02-2023,114.4951565
n59480,03-02-2023,132.6562376
m28780,03-02-2023,188.6714419
g136505,03-02-2023,178.9405759
s212905,03-02-2023,227.7215814
e207580,03-02-2023,181.3976913
m217886,03-02-2023,211.5605799
d55046,03-02-2023,138.8323958
p47498,03-02-2023,157.7251954
e139466,03-02-2023,134.0888111
h139801,03-02-2023,156.8901611
x133990,03-02-2023,152.0620445
c119642,03-02-2023,197.8122743
v152965,03-02-2023,119.6080629
v180925,03-02-2023,206.7118841
l224569,03-02-2023,98.54052316
b36476,03-02-2023,216.6737695
n134509,03-02-2023,130.8539646
w68991,03-02-2023,190.0722159
q228963,03-02-2023,117.0821272
a90303,03-02-2023,116.0512199
k114281,03-02-2023,175.2606001
o91308,03-02-2023,128.9078034
p14411,03-02-2023,95.33839358
i152009,03-02-2023,159.1816789
c99741,03-02-2023,182.9380256
f29107,03-02-2023,179.8496242
g44567,03-02-2023,176.7783884
k146842,03-02-2023,169.8242933
f42731,03-02-2023,99.7086424
t36322,03-02-2023,101.4228919
k53638,03-02-2023,127.9948458
d54396,03-02-2023,162.8735767
n175843,03-02-2023,222.1488458
f63873,03-02-2023,105.7940137
m155310,03-02-2023,136.4733191
a100813,03-02-2023,117.5058909
k111643,03-02-2023,99.67706992
k144359,03-02-2023,172.5105405
e66757,03-02-2023,151.5852001
n129819,03-02-2023,192.9709636
m98766,03-02-2023,98.93629
p77169,03-02-2023,160.8908945
k25470,03-02-2023,136.0834691
n19148,03-02-2023,228.394505
a187852,03-02-2023,155.5052436
n47731,03-02-2023,148.9872914
s23909,03-02-2023,163.8219742
v117652,03-02-2023,142.8597822
s31446,03-02-2023,189.4907429
b70037,03-02-2023,149.4623871
s207867,03-02-2023,205.7047041
n224422,03-02-2023,182.9021848
m170566,03-02-2023,175.963431
n61050,03-02-2023,187.0234553
u83437,03-02-2023,154.520473
u232570,03-02-2023,132.4030664
p53170,03-02-2023,188.3448028
c24003,03-02-2023,220.9482993
q216276,03-02-2023,97.0951674
o99938,03-02-2023,158.0051855
b133402,03-02-2023,140.9477253
i158799,03-02-2023,192.1211176
h84799,03-02-2023,184.8875573
r87045,03-02-2023,103.343178
i59033,03-02-2023,161.3517248
p23930,03-02-2023,126.138753
k175558,03-02-2023,186.285134
X214744,03-02-2023,173.9255444
a183200,03-02-2023,192.5747859
h213031,03-02-2023,142.8473957
u6046,03-02-2023,118.8102672
b81913,03-02-2023,206.1934817
c87931,03-02-2023,150.8254851
m103845,03-02-2023,184.0640602
m119468,03-02-2023,205.412577
j159394,03-02-2023,192.6981764
m15427,03-02-2023,121.8933731
t164881,03-02-2023,93.96472304
e190047,03-02-2023,200.2840809
x136873,03-02-2023,206.7779129
p19731,03-02-2023,158.0957778
r231393,03-02-2023,126.8687291
h124760,03-02-2023,105.7051507
u43309,03-02-2023,93.65436956
p181387,03-02-2023,101.284721
g181036,03-02-2023,157.4223092
h164389,03-02-2023,98.32522249
t84129,03-02-2023,154.4136713
t167179,03-02-2023,163.5597966
k60031,03-02-2023,88.86152552
e26679,03-02-2023,223.4819905
e175040,03-02-2023,184.8466871
n186245,03-02-2023,185.3496505
t39282,03-02-2023,171.4668926
m159074,03-02-2023,102.9343514
w129095,03-02-2023,136.3439947
h44864,03-02-2023,127.8394374
v123515,03-02-2023,131.3207298
f42678,03-02-2023,162.2119659
v80518,03-02-2023,223.2393561
p90182,03-02-2023,131.4935295
f81844,03-02-2023,163.9799071
m70979,03-02-2023,161.8196695
o69727,03-02-2023,138.5852021
p126648,03-02-2023,111.2775454
i25818,03-02-2023,170.9227458
s208786,03-02-2023,120.1273846
t156428,03-02-2023,142.9950456
x5972,03-02-2023,96.16706
d161719,03-02-2023,101.4871725
f61201,03-02-2023,182.2375488
m61972,03-02-2023,121.9211914
x33612,03-02-2023,180.5355442
n82639,03-02-2023,164.7049833
e37976,03-02-2023,209.2164532
h219062,03-02-2023,102.7501482
g157079,03-02-2023,123.3786117
v132486,03-02-2023,201.0765453
r204366,03-02-2023,91.851868
b170029,03-02-2023,181.9278297
q45177,03-02-2023,209.3470601
i218672,03-02-2023,144.5941136
d202152,03-02-2023,111.1686452
t121513,03-02-2023,137.116893
a28867,03-02-2023,172.1807788
m16528,03-02-2023,160.920734
p147767,03-02-2023,119.6572371
X124932,03-02-2023,204.6992627
m22289,03-02-2023,139.8424897
h58596,03-02-2023,173.2270845
d124954,03-02-2023,180.9626353
h171779,03-02-2023,164.8429282
e224564,03-02-2023,177.6298952
d227426,03-02-2023,171.3055214
m129643,03-02-2023,110.91726
a229184,03-02-2023,202.1192563
i22140,03-02-2023,206.1353497
u60884,03-02-2023,150.4201199
b30538,03-02-2023,173.5481891
f127159,03-02-2023,118.7748928
q192917,03-02-2023,171.9995444
a213916,03-02-2023,114.0523209
e19141,03-02-2023,197.5754251
q103932,03-02-2023,128.3822575
i131517,03-02-2023,217.1535933
m143441,03-02-2023,209.0994598
q105587,03-02-2023,220.7841413
r115539,03-02-2023,163.1289323
u154519,03-02-2023,123.9759732
c99876,03-02-2023,182.0304233
b72408,03-02-2023,128.2580726
k30100,03-02-2023,216.3090504
a210992,03-02-2023,101.8917293
i201363,03-02-2023,141.9381342
i145041,03-02-2023,147.0190696
l193424,03-02-2023,187.3761139
m30390,03-02-2023,107.8350801
f181448,03-02-2023,160.6135292
w159410,03-02-2023,168.5664059
d132797,03-02-2023,105.2613759
l131768,03-02-2023,153.434238
j44762,03-02-2023,102.2088834
X118100,03-02-2023,108.2300067
u101558,03-02-2023,122.8498119
l104467,03-02-2023,187.2515828
e103608,03-02-2023,204.6640376
t146221,03-02-2023,202.3835239
n190245,03-02-2023,139.4179851
a221239,03-02-2023,187.5371839
n38297,03-02-2023,186.2350348
n2547,03-02-2023,216.5340556
p70097,03-02-2023,187.4305365
w184377,03-02-2023,214.7015395
k167853,03-02-2023,199.1311922
a182477,03-02-2023,174.0872974
b124189,03-02-2023,171.4359381
w96482,03-02-2023,104.016232
c100507,03-02-2023,156.4280428
q206522,03-02-2023,117.7691616
l228941,03-02-2023,136.9894108
c82424,03-02-2023,203.1616228
d190022,03-02-2023,177.1834027
d193380,03-02-2023,216.9363721
c131800,03-02-2023,153.8567071
g104283,03-02-2023,113.1385579
d217591,03-02-2023,145.6469193
e114815,03-02-2023,133.5864934
c35799,03-02-2023,103.5250787
v106861,03-02-2023,116.1555149
v176912,03-02-2023,216.5787071
f161606,03-02-2023,207.3175768
w22730,03-02-2023,100.4265751
r183647,03-02-2023,215.5657321
i81281,03-02-2023,125.5665979
X180459,03-02-2023,132.5287055
x63553,03-02-2023,179.823994
k70016,03-02-2023,100.0469717
q83092,03-02-2023,135.9157714
l6126,03-02-2023,144.5172777
r145697,03-02-2023,173.5489353
v70025,03-02-2023,116.2068326
n205555,03-02-2023,92.14651082
j90950,03-02-2023,94.7608955
g230303,03-02-2023,194.7887122
l118553,03-02-2023,207.9148949
k190373,03-02-2023,213.9323599
t89253,03-02-2023,130.7250586
b2608,03-02-2023,181.5606567
r116385,03-02-2023,208.4763981
d50954,03-02-2023,141.3885216
j4403,03-02-2023,114.8172784
e142195,03-02-2023,160.5535642
k67787,03-02-2023,104.5942168
a218591,03-02-2023,94.57740902
h53085,03-02-2023,132.411678
b211160,03-02-2023,112.0878404
f35023,03-02-2023,102.5448764
p106802,03-02-2023,177.2538721
k173194,03-02-2023,193.2535817
h47535,03-02-2023,115.886808
o233949,03-02-2023,123.5451752
h183272,03-02-2023,108.0290474
b183870,03-02-2023,212.2749393
b131537,03-02-2023,212.7760583
b229803,03-02-2023,207.5592946
b10482,03-02-2023,168.025713
X154633,03-02-2023,169.5865965
X124402,03-02-2023,131.2537649
m163384,03-02-2023,215.2491286
g4308,03-02-2023,140.5023136
e200623,03-02-2023,104.2449548
r179950,03-02-2023,141.0031844
r135292,03-02-2023,223.4354212
i224197,03-02-2023,114.2137031
p82481,03-02-2023,101.3700539
o92555,03-02-2023,184.5313457
r178069,03-02-2023,103.8958041
o73234,03-02-2023,96.41653489
r44883,03-02-2023,193.0289039
h168734,03-02-2023,103.7506653
n205173,03-02-2023,159.7517933
n96952,03-02-2023,99.76246209
g145860,03-02-2023,208.6494046
h23509,03-02-2023,102.2753506
f5693,03-02-2023,136.0874523
w45923,03-02-2023,201.8137843
e115010,03-02-2023,160.2802799
e21359,03-02-2023,121.3856297
k164328,03-02-2023,155.0585816
o37791,03-02-2023,93.31632035
k141199,03-02-2023,206.4142764
t225475,03-02-2023,199.0904057
q206775,03-02-2023,188.7379666
a158645,03-02-2023,138.0812012
k179813,03-02-2023,194.1708793
c80998,03-02-2023,166.1459802
o20147,03-02-2023,91.02698769
b166549,03-02-2023,134.6304973
h189664,03-02-2023,202.517891
p224439,03-02-2023,171.0134119
h10968,03-02-2023,162.4902628
e87109,03-02-2023,136.2846447
a122732,03-02-2023,138.2109264
f18078,03-02-2023,188.7439508
m34734,03-02-2023,210.657986
w26038,03-02-2023,149.6455632
e145601,03-02-2023,209.1631382
x21892,03-02-2023,137.0103565
d87076,03-02-2023,108.3569986
n84756,03-02-2023,198.2789963
w172744,03-02-2023,215.3276364
s170442,03-02-2023,124.3453098
l82205,03-02-2023,119.5968527
m177063,03-02-2023,131.088076
c87589,03-02-2023,184.6639123
n61568,03-02-2023,172.0962772
n199478,03-02-2023,94.97784387
b206297,03-02-2023,221.7742678
o214753,03-02-2023,117.4951737
X133611,03-02-2023,183.4392228
d135524,03-02-2023,93.89639282
a52563,03-02-2023,173.9188231
g122394,03-02-2023,218.255752
c197844,03-02-2023,102.4037051
r218940,03-02-2023,114.9413237
b219977,03-02-2023,120.9685951
m168212,03-02-2023,214.2752325
b210568,03-02-2023,97.45760733
u83865,03-02-2023,184.5591701
n30549,03-02-2023,187.9544257
i77697,03-02-2023,133.6940305
v70208,03-02-2023,173.8081269
k188045,03-02-2023,148.7476023
b8964,03-02-2023,131.8302261
c145960,03-02-2023,173.9207647
f22641,03-02-2023,209.414226
t108161,03-02-2023,131.3437935
s110731,03-02-2023,218.5930825
b140952,03-02-2023,166.275153
s104565,03-02-2023,163.6203828
h90277,03-02-2023,211.841164
w193351,03-02-2023,161.4406499
l72119,03-02-2023,149.4668705
b172587,03-02-2023,198.6603963
u227571,03-02-2023,104.9326218
b199403,03-02-2023,113.414525
q232521,03-02-2023,161.916738
t232599,03-02-2023,201.8124942
d190483,03-02-2023,212.1176449
j201889,03-02-2023,217.6024439
k157578,03-02-2023,151.5724185
X168300,03-02-2023,160.6309187
p147020,03-02-2023,192.148285
v54251,03-02-2023,196.1716132
e203763,03-02-2023,113.4408129
v40090,03-02-2023,175.6280282
s194871,03-02-2023,108.7564576
i109049,03-02-2023,212.3673554
m2562,03-02-2023,95.71820083
w59430,03-02-2023,197.669665
h44135,03-02-2023,168.6481523
d44117,03-02-2023,148.1080152
b78458,03-02-2023,205.0160827
c151943,03-02-2023,92.22228434
s193194,03-02-2023,154.8593234
n166861,03-02-2023,105.5288301
l118690,03-02-2023,194.316367
b113052,03-02-2023,204.6796743
f13404,03-02-2023,113.1637677
a137349,03-02-2023,85.23638237
f48757,03-02-2023,126.1759237
k203178,03-02-2023,138.0564183
t69831,03-02-2023,126.425718
o233554,03-02-2023,157.9733297
s191822,03-02-2023,179.5025708
l131707,03-02-2023,156.4846664
b166009,03-02-2023,117.6007675
i62583,03-02-2023,137.9618864
o81429,03-02-2023,117.4859154
c35792,03-02-2023,134.2599952
k78724,03-02-2023,114.1646008
n218104,03-02-2023,213.5655927
d106585,03-02-2023,192.2706963
w133863,03-02-2023,165.2440222
g166716,03-02-2023,201.0165236
f6020,03-02-2023,216.4544961
k20606,03-02-2023,217.0394282
r152290,03-02-2023,111.9627319
h94754,03-02-2023,160.02036
b160395,03-02-2023,132.008583
o233658,03-02-2023,161.1875433
a149986,03-02-2023,193.572836
c14510,03-02-2023,103.8220744
X33164,03-02-2023,221.5052156
x26156,03-02-2023,98.8429658
a93200,03-02-2023,192.8343773
a150641,03-02-2023,154.2681986
n29574,03-02-2023,179.9720658
k78205,03-02-2023,171.5196627
w77851,03-02-2023,200.2556487
l68216,03-02-2023,178.8016487
s106359,03-02-2023,85.0932038
u39861,03-02-2023,210.765013
v119718,03-02-2023,183.6306927
o113724,03-02-2023,166.86218
h110,03-02-2023,96.37239148
n71553,03-02-2023,207.5839657
f66215,03-02-2023,115.3239138
h46387,03-02-2023,207.6909635
u179424,03-02-2023,148.283529
f153625,03-02-2023,210.3037352
s168781,03-02-2023,146.8295466
j5625,03-02-2023,172.5159573
p131000,03-02-2023,99.2703019
t228389,03-02-2023,108.5127115
m139823,03-02-2023,106.192203
t144203,03-02-2023,195.5588323
m47960,03-02-2023,160.226292
b97425,03-02-2023,205.3302926
m110741,03-02-2023,95.13419807
a60558,03-02-2023,170.378913
e156476,03-02-2023,216.0077285
d129329,03-02-2023,120.623963
c112667,03-02-2023,149.4766662
f59043,03-02-2023,182.4083726
d167746,03-02-2023,128.3927905
u14725,03-02-2023,161.0649707
r160789,03-02-2023,102.5381093
d184724,03-02-2023,149.243361
r199658,03-02-2023,201.7812762
l79427,03-02-2023,180.7750205
t15513,03-02-2023,144.4104309
s163015,03-02-2023,131.6173047
q186906,03-02-2023,157.3486595
c82844,03-02-2023,107.1613947
j10673,03-02-2023,198.6893316
t180201,03-02-2023,211.6497103
u29613,03-02-2023,218.6008481
g157577,03-02-2023,156.1409615
e162490,03-02-2023,126.800126
q48412,03-02-2023,127.0054033
a141412,03-02-2023,129.3064405
r98399,03-02-2023,96.9661711
d36384,03-02-2023,152.7406733
m95078,03-02-2023,177.9452529
l222653,03-02-2023,90.92870708
p13100,03-02-2023,191.7432057
m47091,03-02-2023,123.1498662
j99374,03-02-2023,138.9865565
l216847,03-02-2023,186.4791738
b223771,03-02-2023,149.5406444
k55125,03-02-2023,222.2829529
c164873,03-02-2023,200.7057238
a48806,03-02-2023,131.2648297
r66659,03-02-2023,99.16658113
n165399,03-02-2023,103.4642814
t219105,03-02-2023,164.9732499
p221670,03-02-2023,100.4855928
o53547,03-02-2023,195.8222848
r65541,03-02-2023,214.4131231
h112663,03-02-2023,160.0614947
m124329,03-02-2023,143.7780264
l13065,03-02-2023,189.581334
r11704,03-02-2023,206.6709593
k184389,03-02-2023,201.6515731
l54285,03-02-2023,166.1888064
a121607,03-02-2023,108.5669077
k96009,03-02-2023,133.9666334
o189463,03-02-2023,209.3278775
d35423,03-02-2023,133.6458662
j215590,03-02-2023,115.1817615
u155943,03-02-2023,135.5129065
w115595,03-02-2023,134.5802595
l54898,03-02-2023,224.7009069
v206311,03-02-2023,229.9912603
e1,03-02-2023,118.3449893
f206588,03-02-2023,200.5885324
c112541,03-02-2023,172.8137872
j104926,03-02-2023,114.4459663
g116524,03-02-2023,171.4389598
i175684,03-02-2023,95.23592373
p158342,03-02-2023,113.5311702
b194649,03-02-2023,100.2482319
n1690,03-02-2023,156.1178738
k193991,03-02-2023,152.3954249
j57196,03-02-2023,176.0935853
t144346,03-02-2023,112.8022569
c4212,03-02-2023,104.7923649
i158626,03-02-2023,171.0308517
c53740,03-02-2023,180.8471554
k77436,03-02-2023,104.6834816
i218592,03-02-2023,178.2112352
d1318,03-02-2023,90.0462028
g201626,03-02-2023,102.2451518
x104481,03-02-2023,194.7846627
l128432,03-02-2023,109.360954
w198952,03-02-2023,163.9112373
b85834,03-02-2023,132.7585178
e46084,03-02-2023,177.5468814
i103042,03-02-2023,165.0168953
o154708,03-02-2023,92.15939128
a41387,03-02-2023,162.0765883
j123195,03-02-2023,173.0681662
o192693,03-02-2023,119.2642807
d29298,03-02-2023,192.5303599
o210402,03-02-2023,176.4649188
h15557,03-02-2023,134.0125388
v28605,03-02-2023,211.031938
w128718,03-02-2023,203.1143704
a26095,03-02-2023,200.9733933
X146812,03-02-2023,193.1936098
g73098,03-02-2023,189.7779987
s113446,03-02-2023,101.7086869
o168949,03-02-2023,114.7755553
e199596,03-02-2023,116.9387612
c96635,03-02-2023,177.5886413
a111723,03-02-2023,138.6099777
t119221,03-02-2023,159.6613591
d133094,03-02-2023,95.02675245
f31286,03-02-2023,138.7599927
m164079,03-02-2023,150.676324
m213489,03-02-2023,139.6242933
b143481,03-02-2023,173.38082
a38043,03-02-2023,195.4896298
X195632,03-02-2023,148.6344667
q135126,03-02-2023,116.4739019
a173769,03-02-2023,222.411564
h82598,03-02-2023,150.5358473
c108645,03-02-2023,137.2441874
k85109,03-02-2023,108.0696
l163556,03-02-2023,173.8854079
b110316,03-02-2023,98.35348714
l25638,03-02-2023,210.7533929
k68591,03-02-2023,103.8048322
a24127,03-02-2023,108.2022403
s118742,03-02-2023,217.2223535
f115172,03-02-2023,97.38688187
w133037,03-02-2023,118.5394583
f128424,03-02-2023,199.3462356
d222795,03-02-2023,199.6820132
d222584,03-02-2023,122.6968934
j31529,03-02-2023,156.4447698
k61269,03-02-2023,184.9140967
c44346,03-02-2023,187.1837522
e38410,03-02-2023,190.1804997
n208830,03-02-2023,195.293051
k126905,03-02-2023,152.5321333
s232572,03-02-2023,115.3606596
g68390,03-02-2023,186.8475387
i145577,03-02-2023,183.8976089
g103376,03-02-2023,219.2092061
n203466,03-02-2023,115.3620847
o75474,03-02-2023,109.1342946
u191228,03-02-2023,174.1762616
d74733,03-02-2023,98.64579084
s30529,03-02-2023,133.3625431
u85666,03-02-2023,221.2463512
g46657,03-02-2023,169.0384891
h49847,03-02-2023,102.9673752
m230475,03-02-2023,132.1417315
h158183,03-02-2023,183.0304266
d220744,03-02-2023,202.7073273
q135291,03-02-2023,198.3007803
p226038,03-02-2023,142.9033085
f133230,03-02-2023,178.2799017
s79832,03-02-2023,96.72663877
c194980,03-02-2023,172.4801548
q91657,03-02-2023,141.2399406
o119736,03-02-2023,216.4552451
c207810,03-02-2023,118.9530246
w183786,03-02-2023,124.281942
i228936,03-02-2023,203.5611983
a179390,03-02-2023,166.7242748
o49112,03-02-2023,142.4574201
h8397,03-02-2023,83.10327657
s217023,03-02-2023,123.4232106
c185774,03-02-2023,169.7125712
g46625,03-02-2023,173.6499047
b153969,03-02-2023,222.8384354
t221827,03-02-2023,102.2008967
g8005,03-02-2023,134.2098163
u106481,03-02-2023,223.1167979
b148495,03-02-2023,201.6847233
q29143,03-02-2023,221.1972487
q20944,03-02-2023,206.5881913
a159495,03-02-2023,194.8760659
c43635,03-02-2023,186.2551458
i89556,03-02-2023,159.1448122
h31794,03-02-2023,160.8484205
x233543,03-02-2023,217.2048844
r130467,03-02-2023,189.5456432
e189263,03-02-2023,220.663373
p38396,03-02-2023,137.3471707
l135218,03-02-2023,125.0658638
n184214,03-02-2023,193.1872215
x62919,03-02-2023,198.7307361
u37921,03-02-2023,156.5429117
c4706,03-02-2023,160.9963185
l28555,03-02-2023,162.6700711
u51640,03-02-2023,216.8097194
s152220,03-02-2023,195.6169153
s177861,03-02-2023,213.2415407
b55594,03-02-2023,165.7211196
b198658,03-02-2023,215.8656848
c200357,03-02-2023,114.6045666
s150042,03-02-2023,187.2572255
s197401,03-02-2023,213.3368297
b88750,03-02-2023,197.9545614
t47798,03-02-2023,153.871783
b130705,03-02-2023,195.0835297
b37569,03-02-2023,89.51782192
v198457,03-02-2023,112.8167152
d177435,03-02-2023,100.0548563
f227944,03-02-2023,117.36627
j115091,03-02-2023,193.40273
k222875,03-02-2023,197.5534567
r32006,03-02-2023,146.4132625
o193012,03-02-2023,112.1429105
q149989,03-02-2023,100.5470013
n174637,03-02-2023,112.4382333
h115227,03-02-2023,179.5506476
i15818,03-02-2023,206.9753584
q197841,03-02-2023,127.7623644
r139758,03-02-2023,122.8598839
k198678,03-02-2023,200.7998081
o108198,03-02-2023,187.6665303
a65788,03-02-2023,203.7382479
c183265,03-02-2023,91.72065351
p115801,03-02-2023,100.1110252
x21707,03-02-2023,113.5964281
X103105,03-02-2023,184.7667424
r180166,03-02-2023,144.7524547
c115994,03-02-2023,201.6767491
r121564,03-02-2023,106.2242847
x160524,03-02-2023,103.1849121
h214551,03-02-2023,191.267105
i126152,03-02-2023,190.2328473
d36668,03-02-2023,142.7592442
e2824,03-02-2023,127.2694226
o88708,03-02-2023,122.7421525
m2005,03-02-2023,150.1252063
p213825,03-02-2023,191.7234192
i153920,03-02-2023,112.0967487
g6542,03-02-2023,167.174636
m117158,03-02-2023,144.5603242
b64610,03-02-2023,116.9703331
g27381,03-02-2023,115.4473953
u67837,03-02-2023,188.5434943
t13536,03-02-2023,144.367536
t39906,03-02-2023,134.6418297
b38909,03-02-2023,208.0596237
b35533,03-02-2023,210.4388915
u68551,03-02-2023,192.4534714
f54111,03-02-2023,179.9572916
c23288,03-02-2023,213.3485711
u165439,03-02-2023,103.0927898
i211140,03-02-2023,195.272329
b39684,03-02-2023,106.6527499
l94928,03-02-2023,164.9040559
f1707,03-02-2023,97.96543462
j193460,03-02-2023,113.767668
t145838,03-02-2023,141.1778387
r208473,03-02-2023,171.5724393
k59046,03-02-2023,143.7984549
m99281,03-02-2023,85.1623576
d31897,03-02-2023,199.4656129
a142368,03-02-2023,186.2826468
q43824,03-02-2023,104.7702636
c85612,03-02-2023,126.4915953
h40058,03-02-2023,105.6658722
q23290,03-02-2023,184.9380618
t176453,03-02-2023,181.6250988
k36459,03-02-2023,140.6727335
l164146,03-02-2023,140.3716323
v218931,03-02-2023,141.5423192
q69900,03-02-2023,190.3612827
r181042,03-02-2023,192.1907693
w18980,03-02-2023,127.0798456
x132784,03-02-2023,145.0791724
e85301,03-02-2023,188.343146
l234687,03-02-2023,166.4807227
a203869,03-02-2023,183.0607564
g210724,03-02-2023,199.428411
k69564,03-02-2023,125.0630701
f98724,03-02-2023,185.5157973
f25488,03-02-2023,107.1512134
r84294,03-02-2023,101.8679933
u182917,03-02-2023,175.9663228
d50606,03-02-2023,104.9579229
s187469,03-02-2023,193.3631958
t233811,03-02-2023,93.69452907
a121501,03-02-2023,102.1102332
d18587,03-02-2023,185.9513623
n19058,03-02-2023,134.3401015
i145529,03-02-2023,126.8888428
o231971,03-02-2023,206.5852559
l95164,03-02-2023,129.9049831
j134829,03-02-2023,220.5409484
x99347,03-02-2023,173.9725982
h24793,03-02-2023,136.4783481
h104939,03-02-2023,195.616046
c17269,03-02-2023,143.0383323
d197383,03-02-2023,103.637319
c156283,03-02-2023,179.9182083
r149816,03-02-2023,153.446624
j72741,03-02-2023,117.3395677
f164162,03-02-2023,200.5841117
w73805,03-02-2023,133.5042788
w147296,03-02-2023,175.0578723
t51501,03-02-2023,187.18614
s201907,03-02-2023,150.9406934
e133433,03-02-2023,201.4255678
p211814,03-02-2023,167.7182035
o118742,03-02-2023,85.61457876
j127635,03-02-2023,155.4731205
k78648,03-02-2023,102.1726767
d205938,03-02-2023,101.4824138
s207795,03-02-2023,194.7872845
m159392,03-02-2023,131.4755422
r46263,03-02-2023,171.7191373
v140631,03-02-2023,199.0098237
k99419,03-02-2023,113.911472
n32329,03-02-2023,148.7342408
t22815,03-02-2023,104.7026362
X142658,03-02-2023,99.07948643
c57871,03-02-2023,153.9549614
p166677,03-02-2023,201.0072999
f7394,03-02-2023,216.799516
u115906,03-02-2023,152.704882
s223814,03-02-2023,196.9891717
s89492,03-02-2023,159.302674
d127037,03-02-2023,143.4025989
t40051,03-02-2023,170.0641885
s106260,03-02-2023,105.6398257
o6706,03-02-2023,216.8602099
h35988,03-02-2023,199.809553
v113741,03-02-2023,145.4210317
x166142,03-02-2023,108.8935252
j60728,03-02-2023,207.567044
r22492,03-02-2023,138.6673326
h52991,03-02-2023,115.3483074
l233590,03-02-2023,196.2872278
X60602,03-02-2023,152.96483
l129714,03-02-2023,145.7186725
h129258,03-02-2023,156.9045099
e210306,03-02-2023,114.6012117
k140671,03-02-2023,165.4286877
d205014,03-02-2023,90.01744389
d212027,03-02-2023,161.845486
v34834,03-02-2023,128.6007704
o126682,03-02-2023,176.8456335
X74991,03-02-2023,137.4344607
s113852,03-02-2023,133.4514286
r45079,03-02-2023,226.0224861
l77272,03-02-2023,212.9155587
h48195,03-02-2023,85.57073484
s73424,03-02-2023,198.3472401
n211701,03-02-2023,186.5717794
k167286,03-02-2023,116.5277711
w53081,03-02-2023,103.7818043
g71789,03-02-2023,173.5406882
e27515,03-02-2023,119.3305614
g144546,03-02-2023,125.1010013
d35908,03-02-2023,118.7425962
g162749,03-02-2023,179.7512509
b65462,03-02-2023,98.20638985
t207858,03-02-2023,135.5314416
l226895,03-02-2023,194.1618144
g194419,03-02-2023,145.1219886
v3202,03-02-2023,224.9159736
p8895,03-02-2023,152.9840257
l114340,03-02-2023,134.0717591
p192536,03-02-2023,105.9714153
X10079,03-02-2023,100.783895
o53589,03-02-2023,196.7242577
w107870,03-02-2023,97.79400546
j167943,03-02-2023,130.2671604
x191870,03-02-2023,162.7111769
u100262,03-02-2023,213.883668
a162485,03-02-2023,92.79524674
l83332,03-02-2023,186.1108158
o53377,03-02-2023,109.8962344
e234563,03-02-2023,160.6862953
g4242,03-02-2023,199.6707549
n152689,03-02-2023,120.6253823
s99501,03-02-2023,169.285459
w224157,03-02-2023,153.6285536
r19477,03-02-2023,210.939542
q74444,03-02-2023,167.4613008
r195203,03-02-2023,102.1120161
u30827,03-02-2023,153.9225609
p177127,03-02-2023,106.319313
a118925,03-02-2023,122.2776456
g214455,03-02-2023,145.1688978
k115537,03-02-2023,108.3606905
X92678,03-02-2023,98.36938543
o8661,03-02-2023,212.1507768
f75753,03-02-2023,132.0769282
v103280,03-02-2023,139.0658803
e70452,03-02-2023,164.3678815
d146289,03-02-2023,178.3408053
c103548,03-02-2023,208.7684514
k140810,03-02-2023,181.1820475
u18313,03-02-2023,139.2750125
p160137,03-02-2023,218.1423294
p172975,03-02-2023,128.0035737
u82955,03-02-2023,229.4095466
h118698,03-02-2023,191.0179029
k211709,03-02-2023,218.7482027
a178657,03-02-2023,222.27037
s158624,03-02-2023,203.3871426
g196664,03-02-2023,190.1036865
d196600,03-02-2023,137.4065923
w112000,03-02-2023,137.4915371
t145715,03-02-2023,127.247392
q141471,03-02-2023,205.4912849
g6950,03-02-2023,144.1933308
c203501,03-02-2023,106.2494433
m145035,03-02-2023,140.0668759
h50223,03-02-2023,224.5316061
x171875,03-02-2023,232.7673769
d27511,03-02-2023,211.7652579
i36009,03-02-2023,214.3278405
m92207,03-02-2023,103.855957
s114390,03-02-2023,220.9426329
X19449,03-02-2023,205.3523353
j67886,03-02-2023,183.0709672
n120146,03-02-2023,203.0183506
o49346,03-02-2023,173.520235
e48515,03-02-2023,203.59778
x153205,03-02-2023,220.9875782
p134270,03-02-2023,158.8494495
c6431,03-02-2023,113.9612717
u148409,03-02-2023,205.1371167
f102604,03-02-2023,147.1073835
k109781,03-02-2023,127.9008285
g216187,03-02-2023,127.9036206
a198665,03-02-2023,210.4897356
g196592,03-02-2023,187.0209123
w197884,03-02-2023,183.3737232
l68499,03-02-2023,169.1110507
u183297,03-02-2023,191.6522194
a3657,03-02-2023,92.3936685
h135770,03-02-2023,123.8821711
t233316,03-02-2023,108.870917
w55468,03-02-2023,97.72924515
c113838,03-02-2023,218.6619839
h203393,03-02-2023,155.0912845
i22579,03-02-2023,122.7497255
g34275,03-02-2023,119.3242968
k104598,03-02-2023,225.0927531
x120888,03-02-2023,151.061627
w91609,03-02-2023,167.0208189
s91349,03-02-2023,123.4028576
r103182,03-02-2023,186.6641777
m107588,03-02-2023,200.607798
m230093,03-02-2023,144.7917202
q83462,03-02-2023,126.0914882
o118897,03-02-2023,160.904725
u206313,03-02-2023,193.0206443
k209098,03-02-2023,226.1837715
h183170,03-02-2023,125.7678419
j203180,03-02-2023,129.2718424
a118050,03-02-2023,191.8246176
o205181,03-02-2023,102.6632283
e28333,03-02-2023,151.6369331
f110653,03-02-2023,117.2715518
q51495,03-02-2023,146.8555227
q207441,03-02-2023,189.5693105
f33116,03-02-2023,190.8105298
a128424,03-02-2023,207.8313437
b160540,03-02-2023,221.7927203
u141821,03-02-2023,211.0260554
k87653,03-02-2023,231.1433611
o102076,03-02-2023,129.1391538
w78051,03-02-2023,224.7585017
f24243,03-02-2023,138.982268
n194285,03-02-2023,168.9644084
r220568,03-02-2023,154.6875548
a65003,03-02-2023,184.6892254
b97176,03-02-2023,185.8534192
p91699,03-02-2023,114.599834
s53407,03-02-2023,154.460007
s114115,03-02-2023,171.9827587
j3020,03-02-2023,160.9348664
u234281,03-02-2023,110.0796196
i151000,03-02-2023,115.8845332
m142061,03-02-2023,182.8750351
v149031,03-02-2023,194.5219009
v115613,03-02-2023,111.793341
e6497,03-02-2023,167.8566997
u224854,03-02-2023,152.002551
a100752,03-02-2023,112.3078055
b144241,03-02-2023,193.4646444
k82188,03-02-2023,195.3731159
m218390,03-02-2023,196.2853414
t151076,03-02-2023,133.6965725
g32436,03-02-2023,226.0388423
f15842,03-02-2023,140.7046512
d33309,03-02-2023,122.3951292
m222759,03-02-2023,216.7411504
b138840,03-02-2023,117.9432764
p119173,03-02-2023,158.0180983
g181864,03-02-2023,171.5590758
e216759,03-02-2023,222.4075284
f40878,03-02-2023,162.0190919
X42557,03-02-2023,205.9482295
k91813,03-02-2023,102.1245395
i168848,03-02-2023,110.2559534
q150239,03-02-2023,228.4963928
h119561,03-02-2023,106.417253
m97036,03-02-2023,143.5821085
n77087,03-02-2023,218.2707597
h160186,03-02-2023,131.4516514
d223919,03-02-2023,143.6882093
i190591,03-02-2023,162.9641908
p219596,03-02-2023,118.4055578
m98681,03-02-2023,164.6779789
o495,03-02-2023,108.6615304
l8499,03-02-2023,111.4640138
s94550,03-02-2023,121.9625685
p99631,03-02-2023,154.9474699
h24196,03-02-2023,196.6692492
s188923,03-02-2023,207.4187283
q54746,03-02-2023,194.3701399
s30492,03-02-2023,205.1570745
d150323,03-02-2023,173.6355411
k171714,03-02-2023,152.2643107
h225950,03-02-2023,227.8876803
d1210,03-02-2023,193.8842632
v89635,03-02-2023,119.8546723
w112168,03-02-2023,193.5743517
r212165,03-02-2023,123.1707528
w103894,03-02-2023,137.9141664
f208275,03-02-2023,188.1738518
m206478,03-02-2023,225.045488
w14842,03-02-2023,187.1707578
t139194,03-02-2023,109.0494063
j222728,03-02-2023,221.2937932
b95982,03-02-2023,218.2579476
f22788,03-02-2023,105.9132094
m93638,03-02-2023,102.417196
w9153,03-02-2023,213.6020084
c70077,03-02-2023,195.1970937
w175539,03-02-2023,231.2533196
o228802,03-02-2023,188.832444
q89281,03-02-2023,183.6685141
g37596,03-02-2023,162.5692599
e99859,03-02-2023,205.9560834
t63125,03-02-2023,228.9872541
q81822,03-02-2023,160.4737554
p135504,03-02-2023,115.9121048
u65194,03-02-2023,168.1487299
w60692,03-02-2023,128.6340097
g77,03-02-2023,121.1001498
s142108,03-02-2023,179.7394449
v63876,03-02-2023,173.2312371
o61297,03-02-2023,212.5897811
b5509,03-02-2023,196.5394386
j86322,03-02-2023,130.2054305
l181406,03-02-2023,174.4562353
u214935,03-02-2023,227.790297
n143174,03-02-2023,220.462419
i115876,03-02-2023,198.9795927
h177987,03-02-2023,108.5944748
a84206,03-02-2023,115.4285749
v24302,03-02-2023,204.6961462
s25595,03-02-2023,146.2038137
m104533,03-02-2023,176.2921658
v143386,03-02-2023,135.1673347
u72951,03-02-2023,127.9379275
d109763,03-02-2023,115.9303449
r152119,03-02-2023,212.1633195
q223563,03-02-2023,223.3066738
w150225,03-02-2023,205.9305881
o8506,03-02-2023,192.2140889
p97927,03-02-2023,188.0933977
g181646,03-02-2023,119.4766743
c25919,03-02-2023,161.8515428
p26099,03-02-2023,111.2355945
n168829,03-02-2023,146.2776756
g25085,03-02-2023,154.5341519
d83424,03-02-2023,225.3706978
t227537,03-02-2023,204.3102583
v63147,03-02-2023,214.2333423
q165311,03-02-2023,170.4388527
u75591,03-02-2023,215.5008083
q209412,03-02-2023,145.8707279
o30053,03-02-2023,104.7768628
q208074,03-02-2023,150.0415952
d87949,03-02-2023,222.0842557
l3572,03-02-2023,198.770461
l38669,03-02-2023,184.6817535
h38911,03-02-2023,192.2677331
s174573,03-02-2023,171.6113065
u206398,03-02-2023,107.4296889
k229285,03-02-2023,193.8706204
m95524,03-02-2023,193.0408454
m184056,03-02-2023,208.3006424
e187413,03-02-2023,163.0666029
v12005,03-02-2023,146.1787797
b86967,03-02-2023,109.0571551
r143965,03-02-2023,182.4979236
l151649,03-02-2023,150.9341044
i84765,03-02-2023,144.2620588
l172507,03-02-2023,227.3149055
p210695,03-02-2023,216.1872247
f167590,03-02-2023,177.8940851
o21378,03-02-2023,113.485676
w104587,03-02-2023,225.2157521
q176751,03-02-2023,194.4523824
f27060,03-02-2023,221.9114717
a8090,03-02-2023,149.7531328
a4306,03-02-2023,104.9896457
p130227,03-02-2023,170.3210325
i182403,03-02-2023,129.7462174
e124853,03-02-2023,213.2678726
d128193,03-02-2023,222.4798767
s89258,03-02-2023,203.2695408
j211094,03-02-2023,161.4381911
s8646,03-02-2023,167.6426024
j93507,03-02-2023,202.1747167
m211574,03-02-2023,131.2376724
n34811,03-02-2023,163.4418936
a82691,03-02-2023,172.0204066
b19009,03-02-2023,160.9793316
i33870,03-02-2023,114.8419481
v60237,03-02-2023,130.1152073
w98403,03-02-2023,152.3280876
t91021,03-02-2023,133.9123044
j212685,03-02-2023,107.0066593
a82101,03-02-2023,155.5426767
m173476,03-02-2023,196.1573212
u232597,03-02-2023,108.5239857
t82505,03-02-2023,195.7302673
q225079,03-02-2023,127.1154113
u23848,03-02-2023,131.3649512
r208005,03-02-2023,128.8848085
s161150,03-02-2023,202.8913901
d3083,03-02-2023,163.4976956
a38543,03-02-2023,167.9019933
j103149,03-02-2023,178.868675
r69101,03-02-2023,150.1359934
c200337,03-02-2023,146.8061434
i28034,03-02-2023,129.9816034
u164470,03-02-2023,226.0063159
s190060,03-02-2023,139.4791516
u142615,03-02-2023,217.4419443
j216965,03-02-2023,179.2044086
o170251,03-02-2023,190.9398632
o219706,03-02-2023,194.0514224
u133613,03-02-2023,115.1526369
l126072,03-02-2023,103.7213173
X5734,03-02-2023,221.9409722
w34288,03-02-2023,228.4476345
w195603,03-02-2023,118.2779933
h20492,03-02-2023,154.2059667
c99396,03-02-2023,193.994003
l223614,03-02-2023,213.3525749
q196322,03-02-2023,181.1005735
e11666,03-02-2023,216.0310516
n137805,03-02-2023,159.2292647
r177028,03-02-2023,134.5891222
s168174,03-02-2023,157.0477405
f203635,03-02-2023,224.5357302
j214323,03-02-2023,196.2402311
l119632,03-02-2023,112.1046587
w84998,03-02-2023,127.9410584
e68302,03-02-2023,150.8980831
p140498,03-02-2023,145.973769
b74777,03-02-2023,145.1415637
v145437,03-02-2023,169.8954857
j186808,03-02-2023,156.6230249
d71059,03-02-2023,112.973648
c92188,03-02-2023,165.8066342
m38561,03-02-2023,199.8596724
q18206,03-02-2023,107.0740656
v156747,03-02-2023,203.9842666
l227607,03-02-2023,164.349144
X47375,03-02-2023,137.8922186
c26219,03-02-2023,144.7719306
e210395,03-02-2023,166.4091362
e45863,03-02-2023,194.7669947
r62695,03-02-2023,113.1814184
h182011,03-02-2023,108.5850629
p59068,03-02-2023,100.3839385
s117665,03-02-2023,152.0655558
f213664,03-02-2023,187.2391819
q112815,03-02-2023,92.53827941
b117334,03-02-2023,192.210823
m42508,03-02-2023,198.064301
v218043,03-02-2023,107.0789827
b105805,03-02-2023,164.3919466
e80121,03-02-2023,181.4253182
t91504,03-02-2023,88.65548806
a125820,03-02-2023,117.8912831
t97395,03-02-2023,218.3133337
n222023,03-02-2023,99.72739333
X90125,03-02-2023,140.2523149
l228049,03-02-2023,120.4441316
o128117,03-02-2023,111.5149862
c34786,03-02-2023,173.9712279
t3530,03-02-2023,159.1014166
e72543,03-02-2023,194.0541955
u153249,03-02-2023,198.0631131
v109730,03-02-2023,167.1008858
o139923,03-02-2023,116.3541968
q48554,03-02-2023,148.9737794
o110890,03-02-2023,171.6168653
s160640,03-02-2023,202.6649922
j105218,03-02-2023,209.2491979
i218667,03-02-2023,143.5855766
s141336,03-02-2023,220.8378789
X13388,03-02-2023,200.7872907
k161598,03-02-2023,219.0456761
l125358,03-02-2023,135.386107
c7099,03-02-2023,230.4058797
u63206,03-02-2023,172.7614386
k10586,03-02-2023,128.2238724
d134657,03-02-2023,121.6712989
u164328,03-02-2023,228.7542799
r88570,03-02-2023,128.4114809
u57463,03-02-2023,129.9633409
g104523,03-02-2023,204.8382788
X88703,03-02-2023,221.0122138
r128053,03-02-2023,119.0453809
w158607,03-02-2023,163.9295339
s69825,03-02-2023,140.6626072
n223336,03-02-2023,151.9470298
c190198,03-02-2023,136.3449479
j74380,03-02-2023,107.7821755
g90473,03-02-2023,125.2690656
q173919,03-02-2023,108.3935364
a96681,03-02-2023,203.5262029
s47278,03-02-2023,192.2600644
p51045,03-02-2023,224.1210384
v96201,03-02-2023,129.7426003
s116950,03-02-2023,112.7437896
t48485,03-02-2023,192.5903394
o219454,03-02-2023,120.3515923
n54166,03-02-2023,182.7300995
s136071,03-02-2023,104.4681867
e64468,03-02-2023,101.2027329
j173720,03-02-2023,146.6675575
v3420,03-02-2023,132.1013985
x152195,03-02-2023,172.7843431
v104754,03-02-2023,100.1237733
l73994,03-02-2023,207.2920259
l218354,03-02-2023,144.3439956
v117014,03-02-2023,152.282782
q211719,03-02-2023,157.4143335
v158107,03-02-2023,228.9188539
t81442,03-02-2023,161.2357964
s117813,03-02-2023,182.1589469
x43350,03-02-2023,160.7494409
t152979,03-02-2023,198.3457444
w140275,03-02-2023,219.7078951
w110541,03-02-2023,88.17699437
f201247,03-02-2023,110.7480263
o135909,03-02-2023,190.3195728
r3508,03-02-2023,188.6526655
g228842,03-02-2023,169.2215373
g28115,03-02-2023,180.0516004
l5797,03-02-2023,159.8349729
a180222,03-02-2023,134.7732583
s115805,03-02-2023,154.9920689
X202682,03-02-2023,208.1270782
j229278,03-02-2023,101.1660183
k201378,03-02-2023,111.7572768
e163810,03-02-2023,153.8172846
r154324,03-02-2023,214.8235456
p42278,03-02-2023,194.7452172
b233722,03-02-2023,182.0488979
f34041,03-02-2023,201.1775175
k133140,03-02-2023,119.3554113
u36380,03-02-2023,178.8019023
c145858,03-02-2023,186.9169709
d2437,03-02-2023,186.4625866
v164488,03-02-2023,201.5181342
w40337,03-02-2023,205.7293642
b17357,03-02-2023,118.7531961
c167336,03-02-2023,124.3637656
t119487,03-02-2023,182.0753757
l105500,03-02-2023,161.6865906
i212151,03-02-2023,216.4112509
p55795,03-02-2023,116.9423552
d229064,03-02-2023,97.59991287
n22571,03-02-2023,141.4219818
q82239,03-02-2023,202.6387477
r158427,03-02-2023,172.2023065
w62848,03-02-2023,115.9032618
k30547,03-02-2023,206.9351307
e114321,03-02-2023,190.5971785
q178754,03-02-2023,156.2843875
b144092,03-02-2023,218.7712846
o85540,03-02-2023,150.7568341
q24445,03-02-2023,195.8977137
w61773,03-02-2023,178.9049249
X199463,03-02-2023,104.8796406
f89015,03-02-2023,112.843213
g87930,03-02-2023,111.0668158
x21143,03-02-2023,146.891472
f60017,03-02-2023,201.2487028
l66488,03-02-2023,106.6521933
c79798,03-02-2023,180.6469761
e233846,03-02-2023,178.5784055
X58083,03-02-2023,146.3254232
q229911,03-02-2023,107.1332372
i111564,03-02-2023,200.8879601
s106281,03-02-2023,165.0183411
h92928,03-02-2023,224.8664787
v31871,03-02-2023,165.5297643
a155695,03-02-2023,119.3361185
p205218,03-02-2023,160.9474603
o196433,03-02-2023,130.4715908
n178222,03-02-2023,138.3323174
v122967,03-02-2023,146.1874717
l54097,03-02-2023,183.8784643
r29118,03-02-2023,137.4582237
l52965,03-02-2023,102.2198359
p156876,03-02-2023,211.7866582
e133237,03-02-2023,103.1829002
d215212,03-02-2023,156.4931319
u3899,03-02-2023,115.3224405
d190813,03-02-2023,104.8602032
h41010,03-02-2023,192.1996124
m45239,03-02-2023,144.6863318
j203589,03-02-2023,176.5908451
j4214,03-02-2023,219.0244835
i178789,03-02-2023,219.4927227
t170739,03-02-2023,190.9249316
o217543,03-02-2023,170.5312387
g131800,03-02-2023,134.0686185
q79629,03-02-2023,141.2900271
w143097,03-02-2023,211.9284472
r128590,03-02-2023,159.7567045
e175391,03-02-2023,202.25463
m172995,03-02-2023,219.6045203
t110050,03-02-2023,211.6363758
m220081,03-02-2023,127.0763196
o36284,03-02-2023,151.7357719
c37655,03-02-2023,136.3536069
v150293,03-02-2023,208.4610935
m227599,03-02-2023,149.4092454
o213390,03-02-2023,204.5692387
c199722,03-02-2023,212.3367913
n13691,03-02-2023,173.6132208
a32166,03-02-2023,142.7318305
q116802,03-02-2023,108.6632574
d80247,03-02-2023,103.0216101
e7208,03-02-2023,180.8911274
X30546,03-02-2023,123.3419502
r97298,03-02-2023,115.6702868
x141676,03-02-2023,98.72803869
l43197,03-02-2023,121.8991112
o181600,03-02-2023,134.1330013
a224273,03-02-2023,194.0650471
f45908,03-02-2023,135.1237861
n69235,03-02-2023,138.3715429
o67800,03-02-2023,189.3522599
j161997,03-02-2023,217.338546
u11160,03-02-2023,138.1095935
p15352,03-02-2023,158.7128158
t223930,03-02-2023,124.8210128
e75988,03-02-2023,162.8525938
n183816,03-02-2023,166.3220896
u84052,03-02-2023,142.6218501
r73607,03-02-2023,117.519575
r179445,03-02-2023,128.2346729
c80165,03-02-2023,97.21441416
n149387,03-02-2023,152.6922946
g15886,03-02-2023,120.5094685
h213916,03-02-2023,126.2414951
n210676,03-02-2023,196.5976138
x185953,03-02-2023,157.5277287
a81397,03-02-2023,212.1530399
g130333,03-02-2023,103.0011295
r180298,03-02-2023,204.6005516
e11853,03-02-2023,201.7891124
n182084,03-02-2023,135.2933006
b45139,03-02-2023,170.0300023
p200638,03-02-2023,218.3302533
w66118,03-02-2023,110.2979936
e16106,03-02-2023,95.43756711
f19722,03-02-2023,86.97555141
l30960,03-02-2023,124.2151588
s16866,03-02-2023,140.1116879
t53300,03-02-2023,138.259925
X115077,03-02-2023,147.5625251
p23163,03-02-2023,157.6977029
p49356,03-02-2023,183.6415692
X37470,03-02-2023,108.1065929
k95242,03-02-2023,147.5618993
c41030,03-02-2023,119.0335705
b194676,03-02-2023,200.3829149
p122590,03-02-2023,160.8445091
r162056,03-02-2023,141.0845852
o120314,03-02-2023,142.026006
g184924,03-02-2023,196.4429773
w160589,03-02-2023,199.8235052
r50674,03-02-2023,98.83467893
u35828,03-02-2023,102.9589523
f111494,03-02-2023,204.3398403
g112609,03-02-2023,180.1208087
a106340,03-02-2023,103.2433859
b199082,03-02-2023,194.3039086
e73867,03-02-2023,195.7688102
c174571,03-02-2023,95.42552393
g190638,03-02-2023,154.5540784
u175182,03-02-2023,149.6832677
c140582,03-02-2023,160.5591843
n56403,03-02-2023,133.8919055
m18483,03-02-2023,164.4532005
f107336,03-02-2023,209.7381748
n43877,03-02-2023,179.9046928
d145014,03-02-2023,123.49178
q123882,03-02-2023,134.5943939
v87009,03-02-2023,121.4146184
r174795,03-02-2023,115.5552091
v142804,03-02-2023,165.5187925
m132854,03-02-2023,134.3975061
c76291,03-02-2023,109.5394824
u227784,03-02-2023,95.81524988
c18259,03-02-2023,134.2166642
v146906,03-02-2023,144.2092345
j114302,03-02-2023,209.8064354
s223424,03-02-2023,167.9395662
b69457,03-02-2023,96.20074295
r170081,03-02-2023,116.5835713
k102708,03-02-2023,215.2305532
c146056,03-02-2023,179.5095823
p165231,03-02-2023,216.9597873
j118664,03-02-2023,136.0312172
w135677,03-02-2023,176.8505721
f224860,03-02-2023,125.8001118
j7713,03-02-2023,101.2081036
e151094,03-02-2023,97.05541195
e79110,03-02-2023,115.2839014
t121095,03-02-2023,121.6569455
q173949,03-02-2023,152.4905233
r208088,03-02-2023,86.23709134
e145019,03-02-2023,161.5328747
e132445,03-02-2023,186.8928337
l65258,03-02-2023,150.198194
q147797,03-02-2023,179.0854883
x172102,03-02-2023,152.6285544
q160162,03-02-2023,130.2294758
f173795,03-02-2023,177.4561769
u78319,03-02-2023,207.1637884
q217353,03-02-2023,105.5062737
s103013,03-02-2023,203.4924816
w167811,03-02-2023,175.2834138
a15957,03-02-2023,144.6650757
l169106,03-02-2023,116.8952242
v120692,03-02-2023,113.5467924
w202496,03-02-2023,93.16208622
p132341,03-02-2023,190.6830478
l39427,03-02-2023,143.3850215
n90469,03-02-2023,107.1819629
m221252,03-02-2023,119.4977099
k26263,03-02-2023,124.9118701
d86188,03-02-2023,164.8804069
t187290,03-02-2023,170.556931
g128911,03-02-2023,132.7084249
h229596,03-02-2023,164.2356313
b219717,03-02-2023,128.0642623
t28337,03-02-2023,158.581692
t182270,03-02-2023,161.1712682
s101743,03-02-2023,187.4922141
s64834,03-02-2023,186.8192923
n140823,03-02-2023,200.9090518
m72321,03-02-2023,148.8866886
d229059,03-02-2023,213.3713484
s71791,03-02-2023,207.965597
r58238,03-02-2023,96.54638446
c92122,03-02-2023,128.4319534
r204265,03-02-2023,127.4110438
s203809,03-02-2023,132.1114113
t181565,03-02-2023,200.5305377
t91717,03-02-2023,128.4441959
f104000,03-02-2023,145.288387
w232145,03-02-2023,198.4272528
r65462,03-02-2023,171.4079839
p10674,03-02-2023,137.2369151
c199390,03-02-2023,114.1871044
e48452,03-02-2023,143.6799366
e170917,03-02-2023,104.119183
k12671,03-02-2023,162.9132007
n103144,03-02-2023,159.1871339
i186054,03-02-2023,100.2730158
s129688,03-02-2023,184.09543
m116400,03-02-2023,139.9801904
p197828,03-02-2023,211.6157665
p89265,03-02-2023,100.029348
b227985,03-02-2023,130.3749937
o39901,03-02-2023,215.8439759
o90069,03-02-2023,195.740513
u136508,03-02-2023,170.2511651
r157985,03-02-2023,106.1190647
q188520,03-02-2023,136.7132976
k232283,03-02-2023,164.0701403
s89216,03-02-2023,183.8990729
j168373,03-02-2023,138.8731283
X10128,03-02-2023,151.75581
f69802,03-02-2023,121.9029276
l92963,03-02-2023,115.4080351
f64416,03-02-2023,162.8997117
g171971,03-02-2023,104.8255438
v53545,03-02-2023,147.0755215
d125747,03-02-2023,193.9744649
r221201,03-02-2023,206.3687697
e17410,03-02-2023,206.3954006
g9573,03-02-2023,144.6485316
a82092,03-02-2023,97.36006652
c156250,03-02-2023,173.0811749
m205589,03-02-2023,110.8781827
q99147,03-02-2023,201.3976098
b60498,03-02-2023,170.7647337
m95613,03-02-2023,205.0463503
o22668,03-02-2023,132.4736426
d4731,03-02-2023,144.3300196
i136607,03-02-2023,180.5641415
n8012,03-02-2023,172.8797388
a35862,03-02-2023,142.6532142
h125373,03-02-2023,117.2241481
j7806,03-02-2023,156.9389875
l122608,03-02-2023,204.4371016
l19038,03-02-2023,195.2011121
j42131,03-02-2023,177.9405768
x165660,03-02-2023,182.1931027
l121711,03-02-2023,227.7238989
m68427,03-02-2023,204.0807606
a111995,03-02-2023,208.1311463
x154298,03-02-2023,156.320742
k194653,03-02-2023,207.1417224
q9888,03-02-2023,207.3672773
x196643,03-01-2023,178.9233941
g170651,03-01-2023,208.8486292
k36911,03-01-2023,198.6076614
q40009,03-01-2023,125.5525205
e135952,03-01-2023,102.3428096
a101775,03-01-2023,140.1842704
p59651,03-01-2023,141.3585321
b182456,03-01-2023,97.93411072
j138897,03-01-2023,127.1834423
h19510,03-01-2023,139.1320785
m177732,03-01-2023,195.879417
f225507,03-01-2023,119.2181953
t69012,03-01-2023,158.825298
p129484,03-01-2023,205.8946283
s8068,03-01-2023,106.2806298
c90034,03-01-2023,182.2635843
h150898,03-01-2023,107.4296596
e104173,03-01-2023,132.6699959
w56242,03-01-2023,196.6230458
s54665,03-01-2023,172.5744745
l204149,03-01-2023,138.3157017
l106192,03-01-2023,85.18459067
u128519,03-01-2023,184.3503038
r120400,03-01-2023,126.073874
l133790,03-01-2023,92.53797197
o131598,03-01-2023,134.8315364
v92873,03-01-2023,89.86611392
a162116,03-01-2023,109.9156982
u108834,03-01-2023,126.5795667
r114483,03-01-2023,101.5878932
h202185,03-01-2023,138.0551548
a168078,03-01-2023,155.6807341
l151116,03-01-2023,194.0909788
m179903,03-01-2023,152.1384973
f150453,03-01-2023,208.385288
a83321,03-01-2023,69.41124906
s29448,03-01-2023,144.0249976
p6393,03-01-2023,131.0244826
p187988,03-01-2023,72.88922227
o64468,03-01-2023,79.53137424
u5448,03-01-2023,105.6590631
f194429,03-01-2023,71.06581223
m119576,03-01-2023,183.4022572
p132400,03-08-2023,145.572129
